ProductGroup,TotalOrderedQuantityKg,TotalShippedQuantityKg,SalesValue,OrderFillRatePercent
Fruits,1139031.484,1032875.498952,16712191487.879314,0.9068015357440288
Rice,108227.5,54700.030999999995,663079245.7851,0.5054171167217204
Vegetables,52329.762,48559.001098,1484638211.7820525,0.9279423265483225
