Summary,WeightTon,TotalValue,QuantityCar
Sales Order,1278283.133416001,21035328994910.01,210367271.24053258
Transportation Order,1136.13453105,18859908945.446465,183979.54915504975
